case_id,county,region,case_type,cp_city,cp_zip,ncp_city,ncp_zip,distance_miles,distance_score,monthly_income_ncp,employment_type_ncp,custody_type,payment_irregularity,income_volatility,employment_mismatch,arrears_growth,mobility_risk,benefit_overlap,household_mismatch,income_discrepancy,custody_reporting_flag,interstate_complexity,data_lag,order_accuracy_gap,enforcement_fit,interstate_delay,travel_cost_index,distance_burden,visitation_evidence_score,stable_income_flag,structural_constraint_flag,likely_true_fraud_flag,ncp_risk,cp_risk,system_risk,total_risk,rag_status
CS-20260001,Stearns,Metro,IV-D,St Paul,55101,Mankato,56001,70.6,30,5094.09,W-2,Shared,32.0,38.0,47.4,24.8,20.3,46.4,35.3,14.5,38.9,11.3,16.6,33.9,0.0,0.0,5.9,3.5,53.9,1,0,0,32.8,32.7,13.1,26.9,Low
CS-20260002,Olmsted,Metro,Non-IV-D,Rochester,55901,Minneapolis,55401,76.8,30,2376.9,Unemployed,Extended Summer,41.9,36.8,44.6,92.2,20.5,19.2,0.0,13.3,30.2,5.8,31.8,48.4,49.7,9.0,6.4,8.1,100.0,0,0,0,44.2,16.4,32.5,32.4,Moderate
CS-20260003,Hennepin,Northwest,Public Assistance,Mankato,56001,St Cloud,56301,96.7,30,1148.06,Mixed,Primary CP,53.1,30.6,23.8,16.9,0.0,21.5,34.8,24.7,25.7,12.6,0.0,46.5,46.7,33.9,8.1,21.1,76.6,0,0,0,27.0,25.4,29.2,27.2,Low
CS-20260004,Hennepin,Northwest,Non-IV-D,Moorhead,56560,Mankato,56001,230.3,60,1026.53,Gig/Contract,Primary CP,57.1,47.3,7.8,73.5,80.6,78.8,3.2,61.1,64.6,22.8,16.4,55.0,35.1,0.1,19.2,100.0,62.3,0,0,0,52.2,50.7,39.9,48.1,Moderate
CS-20260005,Olmsted,Northwest,IV-D,Rochester,55901,Kansas City,64106,356.8,80,6641.23,Mixed,Shared,48.4,45.1,26.5,15.8,67.2,45.7,19.3,47.0,5.6,100.0,64.8,31.4,19.6,71.4,29.7,35.8,0.0,0,0,0,46.2,41.5,44.0,44.1,Moderate
CS-20260006,Hennepin,Southeast,IV-D,Rochester,55901,Moorhead,56560,286.7,60,3804.59,Gig/Contract,Split,57.9,54.6,60.7,12.2,50.0,34.5,26.6,13.5,68.3,15.8,42.4,18.8,19.1,12.1,23.9,37.7,5.4,0,0,0,50.2,37.2,26.6,39.2,Moderate
CS-20260007,Dakota,Southeast,Medical Support,Mankato,56001,St Cloud,56301,96.7,30,4733.02,Mixed,Extended Summer,40.7,25.1,15.8,0.0,16.6,55.8,4.0,19.4,36.1,30.1,28.1,34.1,23.7,0.0,8.1,5.1,67.3,1,0,0,22.1,30.9,21.1,24.4,Low
CS-20260008,Ramsey,Southeast,Non-IV-D,Moorhead,56560,Kansas City,64106,547.9,80,4308.41,Unemployed,Modified,100.0,21.2,75.4,29.2,36.6,38.6,35.0,78.7,39.8,100.0,75.3,7.6,35.6,100.0,45.7,84.8,17.2,1,0,1,60.1,54.4,55.5,57.0,Moderate
CS-20260009,Olmsted,Northwest,Interstate,St Paul,55101,Marshall,56258,137.1,60,3180.66,W-2,Extended Summer,52.2,44.9,42.1,31.5,38.8,70.5,1.6,90.8,12.3,12.4,39.6,10.3,29.1,37.6,11.4,21.5,27.8,0,0,0,45.1,41.3,27.2,38.6,Moderate
CS-20260010,Ramsey,Northwest,Interstate,Moorhead,56560,Minneapolis,55401,213.2,60,4532.34,Mixed,Modified,55.7,40.6,47.7,0.9,70.4,23.3,25.0,27.5,44.4,16.9,30.3,18.6,58.6,25.1,17.8,23.5,12.2,0,0,0,46.5,31.5,31.2,37.4,Moderate
CS-20260011,Hennepin,Metro,Interstate,Rochester,55901,Duluth,55802,191.8,60,5381.8,Gig/Contract,Shared,28.6,40.7,90.9,11.9,79.3,25.4,36.4,52.3,53.1,9.0,9.0,16.9,23.6,23.1,16.0,17.8,48.9,0,0,0,52.7,39.0,17.3,38.0,Moderate
CS-20260012,Dakota,Northwest,Public Assistance,Minneapolis,55401,St Paul,55101,8.7,10,2111.7,Mixed,Shared,67.0,49.7,69.0,73.8,7.9,0.0,29.6,62.4,42.3,18.8,23.7,44.5,27.7,11.3,0.7,0.3,89.4,0,0,0,48.4,26.6,24.3,34.6,Moderate
CS-20260013,Stearns,Northwest,Interstate,Mankato,56001,Moorhead,56560,230.3,60,4585.37,Unemployed,Modified,22.6,28.5,76.9,10.6,63.1,63.0,0.0,71.7,69.2,23.7,44.0,8.0,8.1,25.7,19.2,25.1,54.8,1,0,0,44.2,48.7,22.2,39.0,Moderate
CS-20260014,Hennepin,Southeast,IV-D,Marshall,56258,Rochester,55901,166.9,60,5567.46,W-2,Extended Summer,62.6,47.7,37.2,44.3,53.7,31.7,4.5,18.2,48.3,15.7,66.7,0.1,37.4,0.0,13.9,15.0,30.2,0,0,0,50.8,28.8,26.4,36.9,Moderate
CS-20260015,Blue Earth,Southeast,Public Assistance,St Paul,55101,Mankato,56001,70.6,30,6160.11,Unemployed,Shared,36.4,3.4,7.1,45.0,10.4,21.9,58.9,11.6,70.9,20.1,0.0,33.0,13.1,30.8,5.9,2.9,48.2,1,0,0,22.0,38.2,15.9,25.0,Low
CS-20260016,Ramsey,Metro,Public Assistance,St Paul,55101,Moorhead,56560,221.0,60,3993.47,Gig/Contract,Primary CP,61.1,42.3,0.0,22.6,50.5,50.2,55.3,28.5,32.8,22.3,63.2,46.5,0.0,10.7,18.4,27.7,73.7,0,0,0,38.5,42.7,33.2,38.2,Moderate
CS-20260017,Ramsey,Metro,Medical Support,Rochester,55901,Marshall,56258,166.9,60,2499.44,W-2,Primary CP,67.0,36.5,18.9,0.0,39.5,13.5,33.0,48.1,29.4,11.5,27.4,81.1,29.2,35.4,13.9,33.4,42.3,0,0,0,37.6,30.2,43.3,37.1,Moderate
CS-20260018,Stearns,Northeast,Public Assistance,Rochester,55901,Marshall,56258,166.9,60,2433.28,Gig/Contract,Split,60.2,59.0,59.2,61.5,52.3,64.0,33.2,47.4,33.2,32.1,0.0,55.6,65.6,22.2,13.9,34.3,26.4,0,0,0,58.8,45.6,35.5,47.8,Moderate
CS-20260019,Hennepin,Southwest,Public Assistance,Marshall,56258,Mankato,56001,90.6,30,3825.38,Mixed,Modified,24.2,13.2,35.3,37.9,11.1,34.2,26.1,35.0,40.6,8.4,14.9,42.0,36.0,17.7,7.5,5.9,70.9,1,0,0,25.7,31.0,25.0,27.1,Low
CS-20260020,Anoka,Southwest,Medical Support,Duluth,55802,St Paul,55101,135.3,60,6499.8,W-2,Modified,37.0,35.9,16.4,25.2,82.0,32.9,74.3,42.9,28.4,20.5,19.4,35.2,22.7,19.5,11.3,10.4,82.9,1,0,0,41.1,43.2,22.7,36.2,Moderate
CS-20260021,Olmsted,Central,Interstate,St Paul,55101,St Cloud,56301,66.8,30,2727.2,W-2,Primary CP,81.0,34.9,0.0,85.5,40.8,29.2,32.6,21.8,10.1,15.6,12.8,73.6,52.4,5.6,5.6,6.1,60.0,0,0,0,44.9,23.7,33.8,35.2,Moderate
CS-20260022,Ramsey,Southeast,Interstate,Marshall,56258,Phoenix,85004,1155.0,100,4943.28,Gig/Contract,Shared,37.6,8.6,24.4,35.4,49.9,9.5,24.6,42.8,29.9,100.0,37.1,26.6,30.6,92.1,96.2,100.0,63.4,1,0,0,41.5,39.7,50.9,43.8,Moderate
CS-20260023,Olmsted,Northwest,IV-D,Marshall,56258,Los Angeles,90012,1392.3,100,3912.11,Self-Employed,Extended Summer,49.6,4.9,69.7,23.6,66.5,47.1,30.4,46.5,55.8,100.0,57.2,41.0,17.8,73.4,100.0,100.0,42.3,1,0,0,53.1,56.0,54.1,54.3,Moderate
CS-20260024,Olmsted,Southwest,Public Assistance,St Paul,55101,Los Angeles,90012,1528.3,100,4375.82,Gig/Contract,Primary CP,33.0,25.5,29.0,61.9,79.2,56.8,4.7,36.0,61.7,100.0,89.4,17.1,9.9,61.0,100.0,100.0,0.0,1,0,0,52.4,52.8,52.7,52.6,Moderate
CS-20260025,Blue Earth,Southwest,Public Assistance,St Paul,55101,Madison,53703,225.3,60,1416.78,Mixed,Primary CP,53.3,61.8,53.8,80.9,48.5,1.8,67.8,0.9,94.6,100.0,71.2,50.5,24.2,90.3,18.8,79.5,39.1,0,0,0,59.1,49.1,60.7,56.6,Moderate
CS-20260026,Olmsted,Northeast,IV-D,St Paul,55101,Duluth,55802,135.3,60,6428.07,Gig/Contract,Shared,14.9,13.0,70.1,31.0,51.0,29.2,0.0,19.7,30.4,19.1,37.8,12.0,0.0,37.2,11.3,10.5,76.3,1,0,0,40.3,24.3,19.6,29.3,Low
CS-20260027,Anoka,Southeast,Non-IV-D,Rochester,55901,Des Moines,50309,178.3,60,2852.72,Unemployed,Primary CP,84.1,57.3,91.2,61.5,100.0,49.6,15.0,37.5,70.9,100.0,74.6,42.6,67.3,85.9,14.9,31.2,0.0,0,0,0,76.9,51.2,60.3,64.2,High
CS-20260028,Dakota,Northwest,IV-D,Duluth,55802,Des Moines,50309,367.2,80,2070.13,Unemployed,Primary CP,5.1,49.6,32.9,93.1,61.5,47.3,0.0,0.0,56.9,100.0,56.9,57.5,17.8,68.7,30.6,100.0,9.4,0,1,0,50.2,41.2,57.5,49.7,Moderate
CS-20260029,Stearns,Northeast,Interstate,Marshall,56258,Marshall,56258,0.0,10,5405.41,W-2,Extended Summer,43.1,6.2,60.8,6.7,23.7,79.2,0.3,30.1,17.4,8.7,23.1,13.4,15.0,0.0,0.0,0.0,100.0,1,0,0,27.8,29.7,12.1,23.7,Low
CS-20260030,Olmsted,Southeast,Medical Support,St Cloud,56301,Kansas City,64106,446.3,80,4263.47,Gig/Contract,Primary CP,34.6,29.3,68.0,25.1,72.3,31.6,9.4,56.8,52.5,100.0,8.6,5.8,49.6,94.7,37.2,69.8,35.8,1,0,0,51.5,46.8,38.2,46.1,Moderate
CS-20260031,Anoka,Northeast,IV-D,St Paul,55101,Des Moines,50309,234.3,60,5237.8,Unemployed,Primary CP,56.8,86.6,40.2,27.2,40.9,0.0,24.1,9.9,29.6,100.0,38.4,12.7,55.4,83.2,19.5,22.4,41.8,0,0,0,51.6,28.2,39.7,41.0,Moderate
CS-20260032,Olmsted,Southwest,Interstate,Rochester,55901,St Paul,55101,71.2,30,6863.9,Unemployed,Extended Summer,36.7,7.8,97.4,41.9,4.3,14.6,2.5,0.0,46.5,30.3,0.0,39.0,13.3,10.7,5.9,2.6,53.2,1,0,0,39.4,19.5,14.4,25.9,Low
CS-20260033,Olmsted,Central,Medical Support,Moorhead,56560,Atlanta,30303,1113.8,100,2143.67,W-2,Extended Summer,31.7,60.4,19.1,54.7,41.8,51.6,35.1,74.0,38.4,100.0,51.8,70.0,25.0,78.2,92.8,100.0,25.4,0,0,0,48.7,58.7,62.2,55.8,Moderate
CS-20260034,Dakota,Northwest,IV-D,Mankato,56001,St Cloud,56301,96.7,30,5227.08,Gig/Contract,Modified,18.2,0.0,0.0,31.1,30.2,1.7,32.8,39.4,26.7,5.3,13.3,30.8,9.5,12.2,8.1,4.6,93.2,1,0,0,17.3,21.8,15.4,18.1,Low
CS-20260035,Blue Earth,Southwest,IV-D,St Cloud,56301,Rochester,55901,134.7,60,3161.59,Unemployed,Split,68.4,32.4,29.5,61.7,10.6,3.7,31.5,18.8,35.4,10.2,26.6,27.5,46.0,21.8,11.2,21.3,76.4,0,0,0,44.3,24.1,29.2,33.7,Moderate
CS-20260036,Ramsey,Central,Non-IV-D,Rochester,55901,Kansas City,64106,356.8,80,3458.62,Self-Employed,Modified,39.3,46.3,27.1,20.7,65.8,55.4,37.4,60.8,82.0,100.0,42.7,0.0,6.9,41.9,29.7,68.8,33.2,0,0,0,45.2,64.8,28.6,46.1,Moderate
CS-20260037,St. Louis,Central,Medical Support,Marshall,56258,Rochester,55901,166.9,60,4233.15,Mixed,Split,86.9,31.5,16.1,48.2,15.8,22.2,35.4,0.0,80.9,17.7,17.5,40.1,65.9,20.7,13.9,19.7,48.2,1,0,0,43.9,36.6,33.7,38.6,Moderate
CS-20260038,Blue Earth,Northwest,Non-IV-D,Marshall,56258,Los Angeles,90012,1392.3,100,3373.15,Gig/Contract,Split,31.3,71.6,4.6,31.6,50.4,70.6,64.7,38.6,47.8,100.0,45.1,14.3,17.0,75.7,100.0,100.0,60.9,0,0,0,45.2,65.9,44.6,51.3,Moderate
CS-20260039,Dakota,Northwest,Non-IV-D,St Paul,55101,Fargo,58102,222.1,60,2540.1,W-2,Split,69.1,82.1,27.4,100.0,44.5,0.0,0.0,45.9,71.1,100.0,49.0,62.5,34.7,100.0,18.5,43.7,45.2,0,0,0,62.3,37.1,56.4,53.0,Moderate
CS-20260040,Hennepin,Southwest,Public Assistance,Moorhead,56560,Marshall,56258,174.2,60,4396.91,Unemployed,Primary CP,66.0,34.6,24.0,12.6,69.4,51.9,84.9,47.5,47.8,7.1,22.7,30.9,44.7,0.0,14.5,19.8,80.2,1,0,0,44.5,53.3,25.3,41.4,Moderate
CS-20260041,Anoka,Central,Non-IV-D,St Cloud,56301,Moorhead,56560,154.2,60,3915.59,Gig/Contract,Split,40.6,4.8,40.2,48.1,61.5,0.0,0.0,16.6,91.4,12.9,0.0,26.1,20.1,0.0,12.8,19.7,40.6,1,0,0,42.3,28.1,13.5,29.4,Low
CS-20260042,Hennepin,Central,Medical Support,Marshall,56258,St Cloud,56301,110.4,60,3784.32,Mixed,Primary CP,65.3,62.0,90.3,24.1,37.9,64.3,59.2,66.2,27.5,16.6,22.4,20.8,15.2,17.5,9.2,14.6,54.4,0,0,1,58.7,51.0,18.7,44.4,Moderate
CS-20260043,St. Louis,Central,Interstate,St Paul,55101,Sioux Falls,57104,204.8,60,2916.88,Unemployed,Extended Summer,52.3,49.9,47.1,1.7,81.8,40.4,0.0,16.5,50.6,100.0,24.7,45.6,35.0,96.3,17.1,35.1,65.4,0,0,0,48.9,38.7,44.3,44.4,Moderate
CS-20260044,Hennepin,Southeast,Non-IV-D,St Paul,55101,Minneapolis,55401,8.7,10,6488.8,W-2,Modified,50.9,2.4,10.6,40.8,0.6,30.8,53.2,16.0,42.2,18.6,18.5,48.5,5.5,27.2,0.7,0.1,82.8,1,0,0,20.3,32.0,22.0,24.3,Low
CS-20260045,Dakota,Southwest,Medical Support,Duluth,55802,Marshall,56258,240.6,60,3642.82,W-2,Shared,57.2,0.0,36.6,25.9,49.5,36.9,5.9,43.5,26.9,19.8,2.0,58.1,0.0,43.4,20.0,33.0,47.3,1,0,0,39.1,30.3,26.5,32.7,Moderate
CS-20260046,Anoka,Metro,Medical Support,Mankato,56001,Minneapolis,55401,66.9,30,4025.92,Self-Employed,Primary CP,23.0,33.0,19.3,54.3,27.3,64.7,12.7,65.1,34.2,1.3,0.7,41.9,28.1,15.2,5.6,4.2,68.5,1,0,0,30.1,38.4,19.2,29.3,Low
CS-20260047,St. Louis,Metro,Medical Support,Mankato,56001,Phoenix,85004,1218.0,100,4825.65,Gig/Contract,Primary CP,38.1,9.4,73.5,8.5,68.2,0.0,40.6,29.6,63.1,100.0,67.7,56.6,43.3,42.4,100.0,100.0,10.0,1,0,0,50.2,45.2,61.1,52.0,Moderate
CS-20260048,Dakota,Northwest,Medical Support,Moorhead,56560,Milwaukee,53202,506.5,80,3075.33,Gig/Contract,Modified,50.6,65.4,6.9,34.1,44.9,51.0,0.0,7.2,31.0,100.0,32.4,46.9,7.9,100.0,42.2,100.0,54.3,0,0,0,45.2,38.0,51.4,44.9,Moderate
CS-20260049,Blue Earth,Southwest,Medical Support,Marshall,56258,Mankato,56001,90.6,30,4532.71,Unemployed,Extended Summer,16.1,39.0,9.6,32.7,76.2,60.3,43.0,10.7,27.3,29.2,13.7,59.0,37.7,9.6,7.5,5.0,83.8,1,0,0,31.8,36.7,27.9,32.1,Moderate
CS-20260050,Olmsted,Southwest,IV-D,Minneapolis,55401,St Cloud,56301,59.2,30,5950.6,Mixed,Shared,48.7,0.0,6.9,24.6,23.5,73.2,23.6,44.6,35.6,19.9,35.1,47.3,40.0,24.9,4.9,2.5,66.2,1,0,0,22.8,41.8,32.7,31.5,Moderate
CS-20260051,Hennepin,Metro,Interstate,St Paul,55101,Moorhead,56560,221.0,60,1210.27,Self-Employed,Split,59.5,59.2,74.9,31.9,38.4,37.0,19.2,32.9,58.6,15.2,41.9,49.7,56.7,11.1,18.4,91.3,31.1,0,0,0,55.3,37.3,49.6,48.2,Moderate
CS-20260052,Blue Earth,Northeast,Interstate,Rochester,55901,St Cloud,56301,134.7,60,3643.49,Gig/Contract,Shared,54.9,15.4,42.6,10.3,56.3,10.1,48.9,25.1,48.6,3.1,29.8,44.2,26.5,34.0,11.2,18.5,55.1,1,0,0,40.8,32.1,31.7,35.5,Moderate
CS-20260053,Blue Earth,Northeast,Medical Support,St Paul,55101,Des Moines,50309,234.3,60,4169.01,Mixed,Modified,42.0,16.1,46.2,64.8,49.5,54.4,14.4,0.5,39.6,100.0,31.9,17.7,24.4,73.5,19.5,28.1,80.8,1,0,0,46.2,40.5,32.5,40.4,Moderate
CS-20260054,Hennepin,Metro,Medical Support,Mankato,56001,Fargo,58102,231.2,60,2402.96,Gig/Contract,Shared,71.7,50.7,19.1,74.8,37.5,24.9,23.3,29.9,63.8,100.0,94.2,47.8,45.4,60.7,19.3,48.1,28.1,0,0,0,51.6,44.1,60.9,52.2,Moderate
CS-20260055,Blue Earth,Metro,IV-D,Marshall,56258,Minneapolis,55401,129.2,60,3052.7,Unemployed,Split,76.2,83.4,9.7,11.7,69.4,8.1,32.7,25.2,0.0,27.4,57.3,20.2,18.0,22.3,10.8,21.2,76.4,0,0,0,50.9,21.1,29.5,35.5,Moderate
CS-20260056,Ramsey,Southwest,Public Assistance,St Paul,55101,Dallas,75201,863.7,80,3909.18,Mixed,Modified,46.1,9.0,0.0,13.9,59.3,50.3,9.6,69.6,57.7,100.0,71.4,70.4,15.4,62.7,72.0,100.0,68.1,1,0,0,33.6,54.5,62.9,48.7,Moderate
CS-20260057,Hennepin,Southwest,IV-D,Rochester,55901,Kansas City,64106,356.8,80,5427.4,Self-Employed,Shared,90.6,36.7,13.5,43.0,82.2,76.8,68.1,39.1,81.4,100.0,74.9,40.4,22.0,72.2,29.7,43.8,72.2,1,0,0,57.1,73.0,50.6,59.9,Moderate
CS-20260058,Blue Earth,Northeast,IV-D,Mankato,56001,Sioux Falls,57104,142.7,60,2729.52,Self-Employed,Extended Summer,58.1,47.1,20.5,88.1,63.8,18.8,0.0,77.9,40.9,100.0,88.9,53.1,58.9,73.7,11.9,26.1,100.0,0,0,0,54.6,40.6,62.3,52.7,Moderate
CS-20260059,Anoka,Central,IV-D,Mankato,56001,St Louis,63101,430.1,80,2351.12,Mixed,Shared,63.4,58.7,12.0,64.3,81.5,0.0,60.7,10.8,81.9,100.0,22.6,49.1,61.8,93.5,35.8,100.0,40.4,0,1,0,57.7,48.1,59.3,55.3,Moderate
CS-20260060,Olmsted,Central,IV-D,Duluth,55802,Sioux Falls,57104,317.8,80,3793.04,Unemployed,Extended Summer,18.1,0.0,27.9,19.0,39.6,30.8,24.9,13.0,32.4,100.0,65.7,40.4,23.2,97.7,26.5,55.9,15.2,1,0,0,30.0,39.1,54.2,40.0,Moderate
CS-20260061,Olmsted,Metro,IV-D,Moorhead,56560,Atlanta,30303,1113.8,100,1454.05,Self-Employed,Modified,34.8,54.1,24.4,54.7,67.0,0.0,86.9,64.7,80.3,100.0,56.2,65.3,65.3,76.7,92.8,100.0,58.1,0,0,0,53.2,63.1,69.9,61.2,High
CS-20260062,Blue Earth,Northeast,Non-IV-D,Minneapolis,55401,Dallas,75201,863.3,80,6592.47,Mixed,Split,54.3,39.2,18.4,61.7,46.5,94.4,19.2,0.0,60.6,100.0,37.7,43.5,13.3,63.3,71.9,87.3,0.0,1,0,0,48.6,57.6,45.5,50.4,Moderate
CS-20260063,Blue Earth,Northeast,Public Assistance,Marshall,56258,St Louis,63101,494.9,80,3385.85,Mixed,Primary CP,0.0,23.3,33.7,47.3,68.5,0.6,57.0,21.9,34.8,100.0,77.1,44.0,21.0,70.4,41.2,97.5,47.2,0,0,0,39.6,39.8,59.7,45.7,Moderate
CS-20260064,Blue Earth,Central,IV-D,Marshall,56258,Mankato,56001,90.6,30,900.0,Self-Employed,Modified,29.6,41.4,52.0,53.8,61.0,29.5,8.6,75.2,56.0,22.4,26.1,47.6,67.6,23.9,7.5,22.6,90.4,0,0,0,44.2,36.8,38.9,40.4,Moderate
CS-20260065,Blue Earth,Northwest,Public Assistance,St Cloud,56301,St Louis,63101,519.9,80,5343.31,W-2,Primary CP,73.1,14.3,93.7,34.3,100.0,5.6,54.7,69.2,45.0,100.0,41.3,24.9,32.6,77.8,43.3,64.9,27.7,1,0,1,67.7,49.7,44.5,55.3,Moderate
CS-20260066,Blue Earth,Metro,Non-IV-D,Rochester,55901,Madison,53703,167.8,60,4156.16,Unemployed,Extended Summer,97.1,59.6,27.9,30.8,62.4,29.0,37.5,61.9,24.6,100.0,57.2,40.4,16.3,93.6,14.0,20.2,11.4,0,0,0,56.9,45.0,44.7,49.7,Moderate
CS-20260067,Dakota,Metro,Interstate,Mankato,56001,Marshall,56258,90.6,30,1564.13,Unemployed,Extended Summer,39.9,75.9,50.3,49.9,46.6,17.3,16.5,80.1,41.0,2.4,51.6,80.1,43.7,23.9,7.5,14.5,80.4,0,0,0,48.4,31.1,47.4,42.9,Moderate
CS-20260068,Blue Earth,Southwest,Public Assistance,Mankato,56001,Madison,53703,242.8,60,4669.21,Gig/Contract,Extended Summer,37.9,11.6,69.5,55.8,70.9,11.3,35.4,20.4,81.0,100.0,18.7,24.2,4.8,50.6,20.2,26.0,71.0,1,0,0,51.2,45.2,23.2,41.0,Moderate
CS-20260069,Stearns,Metro,Interstate,Moorhead,56560,St Cloud,56301,154.2,60,3358.14,Unemployed,Split,57.6,54.1,78.6,31.7,34.3,35.9,10.1,41.1,49.4,27.0,40.3,24.4,18.7,13.2,12.8,23.0,93.9,0,0,0,54.3,35.8,25.3,40.0,Moderate
CS-20260070,Ramsey,Central,IV-D,Moorhead,56560,Dallas,75201,973.3,80,4887.48,Mixed,Split,59.5,45.6,24.3,24.3,56.1,16.7,19.3,33.6,59.0,100.0,63.2,28.7,26.4,40.0,81.1,100.0,64.9,0,0,0,47.6,42.9,49.3,46.7,Moderate
CS-20260071,Stearns,Northwest,IV-D,Minneapolis,55401,Kansas City,64106,411.3,80,4823.68,Gig/Contract,Modified,72.0,0.0,100.0,26.9,82.2,0.0,70.3,5.1,45.5,100.0,84.5,26.9,28.9,83.1,34.3,56.8,54.4,1,0,1,62.8,41.9,54.6,54.1,Moderate
CS-20260072,Olmsted,Southeast,IV-D,Moorhead,56560,Dallas,75201,973.3,80,4470.75,Unemployed,Primary CP,58.0,73.1,69.0,34.4,81.0,81.9,43.7,32.2,35.1,100.0,79.4,11.7,30.4,58.7,81.1,100.0,40.4,0,0,0,65.7,59.1,52.7,59.8,Moderate
CS-20260073,Dakota,Southeast,Medical Support,St Paul,55101,Mankato,56001,70.6,30,4791.77,Unemployed,Modified,42.1,33.4,49.0,40.0,20.1,79.4,43.8,2.4,39.9,20.6,19.6,52.0,22.3,19.9,5.9,3.7,63.7,1,0,0,36.8,42.0,25.9,35.1,Moderate
CS-20260074,Anoka,Central,Interstate,Duluth,55802,St Paul,55101,135.3,60,4228.04,Unemployed,Extended Summer,25.9,0.0,48.7,11.4,40.2,0.0,7.2,0.8,60.8,23.1,12.6,66.0,42.7,13.1,11.3,16.0,5.5,1,0,0,31.6,22.0,32.6,29.0,Low
CS-20260075,Olmsted,Northwest,Public Assistance,Minneapolis,55401,St Louis,63101,466.2,80,8323.7,Gig/Contract,Split,19.4,0.0,38.4,83.7,87.7,28.2,31.9,35.7,73.2,100.0,55.1,31.7,23.9,58.7,38.8,37.3,35.0,1,0,0,49.3,51.4,40.9,47.4,Moderate
CS-20260076,Olmsted,Metro,Public Assistance,Mankato,56001,Moorhead,56560,230.3,60,1152.68,Gig/Contract,Primary CP,47.8,35.2,0.1,64.0,87.8,34.5,0.0,6.2,76.8,7.1,21.0,66.8,37.6,19.6,19.2,99.9,8.6,0,0,0,46.6,31.6,47.4,42.4,Moderate
CS-20260077,St. Louis,Southeast,Non-IV-D,Minneapolis,55401,Los Angeles,90012,1520.9,100,3117.54,Mixed,Extended Summer,57.0,23.1,77.9,29.6,71.0,22.0,85.3,24.0,49.4,100.0,52.2,38.7,25.9,70.6,100.0,100.0,24.5,0,0,0,60.6,56.0,53.5,57.1,Moderate
CS-20260078,Ramsey,Northeast,Interstate,Duluth,55802,Dallas,75201,998.4,80,3006.78,Unemployed,Shared,19.1,90.0,0.0,14.8,45.6,34.1,14.1,86.0,44.5,100.0,55.0,16.6,63.6,52.2,83.2,100.0,49.7,0,0,0,38.4,51.1,53.5,46.7,Moderate
CS-20260079,Blue Earth,Northeast,Interstate,Rochester,55901,St Cloud,56301,134.7,60,5340.8,W-2,Split,59.1,21.3,67.7,31.0,57.1,79.3,64.2,57.1,0.6,14.3,71.4,17.1,54.5,43.2,11.2,12.6,54.2,1,0,0,50.8,48.8,41.4,47.4,Moderate
CS-20260080,St. Louis,Metro,Public Assistance,St Paul,55101,Rochester,55901,71.2,30,5224.17,W-2,Extended Summer,70.8,17.4,66.3,17.2,4.7,50.3,33.5,66.5,12.6,16.9,0.0,35.3,40.0,0.0,5.9,3.4,77.4,1,0,1,37.8,36.5,17.3,31.3,Moderate
CS-20260081,Hennepin,Southwest,Medical Support,St Paul,55101,Mankato,56001,70.6,30,6409.8,Gig/Contract,Modified,8.4,58.5,77.5,14.5,23.9,72.0,21.5,30.6,9.6,16.4,0.0,28.2,8.7,7.0,5.9,2.8,98.9,0,0,0,36.2,33.5,10.3,27.6,Low
CS-20260082,Hennepin,Northeast,Public Assistance,Rochester,55901,Dallas,75201,810.6,80,6164.36,W-2,Primary CP,63.4,3.2,64.3,56.7,62.8,59.7,27.9,25.1,51.8,100.0,52.4,27.6,37.7,84.4,67.5,87.7,22.4,1,0,0,55.9,52.6,53.3,54.2,Moderate
CS-20260083,Dakota,Central,IV-D,Rochester,55901,Sioux Falls,57104,215.1,60,1803.78,Unemployed,Modified,9.6,65.2,0.1,12.6,67.8,100.0,19.9,35.4,59.6,100.0,48.2,72.7,49.8,74.0,17.9,59.6,50.0,0,0,0,32.8,62.2,60.2,49.8,Moderate
CS-20260084,Ramsey,Northwest,Interstate,Moorhead,56560,Madison,53703,446.0,80,2992.84,Mixed,Extended Summer,46.2,39.9,29.7,40.2,60.6,17.8,79.7,73.6,57.5,100.0,64.7,80.2,65.0,70.2,37.2,99.3,9.2,0,0,0,48.3,60.9,74.7,60.0,Moderate
CS-20260085,Hennepin,Metro,Interstate,Minneapolis,55401,Rochester,55901,76.8,30,2282.8,Self-Employed,Shared,28.3,42.8,66.6,61.2,35.6,60.7,29.7,23.0,0.0,7.5,22.4,38.6,65.8,41.0,6.4,8.4,98.5,0,0,0,44.4,28.3,35.8,37.0,Moderate
CS-20260086,Hennepin,Northeast,Non-IV-D,Rochester,55901,Rochester,55901,0.0,10,3815.8,Self-Employed,Modified,67.8,28.0,63.9,16.5,19.0,11.0,23.4,68.6,28.1,18.5,46.4,45.2,0.0,0.0,0.0,0.0,91.4,1,0,0,37.4,26.2,22.9,29.7,Low
CS-20260087,St. Louis,Metro,Non-IV-D,Mankato,56001,Milwaukee,53202,313.6,80,1739.62,Gig/Contract,Primary CP,45.1,31.6,0.0,71.9,75.2,7.6,6.2,13.3,65.8,100.0,23.4,60.9,54.7,78.7,26.1,100.0,45.0,0,1,0,47.8,36.3,58.8,47.7,Moderate
CS-20260088,Blue Earth,Southwest,Non-IV-D,Duluth,55802,Atlanta,30303,986.8,80,3176.91,Mixed,Primary CP,46.5,54.5,3.2,20.2,42.3,14.9,54.2,0.0,25.7,100.0,76.5,26.7,13.0,85.6,82.2,100.0,26.9,0,0,0,39.5,37.7,56.2,44.0,Moderate
CS-20260089,Blue Earth,Metro,IV-D,Mankato,56001,Minneapolis,55401,66.9,30,2710.13,Gig/Contract,Modified,24.3,98.1,9.1,76.3,31.0,41.4,51.2,22.5,12.9,18.7,12.8,90.2,57.5,12.5,5.6,6.2,72.6,0,0,0,42.0,31.4,40.0,38.2,Moderate
CS-20260090,Olmsted,Central,Medical Support,Duluth,55802,Mankato,56001,203.2,60,1775.17,Mixed,Split,28.6,79.0,8.2,37.0,70.7,39.3,34.4,37.9,42.9,3.6,52.0,52.8,50.5,37.9,16.9,57.2,55.9,0,0,0,44.4,37.3,50.6,44.1,Moderate
CS-20260091,Blue Earth,Southeast,Public Assistance,St Paul,55101,Milwaukee,53202,288.7,60,5020.6,Gig/Contract,Split,97.6,12.1,36.7,31.3,65.4,89.5,30.2,30.6,79.5,100.0,43.4,16.6,6.2,40.5,24.1,28.7,93.4,1,0,0,52.2,64.9,26.6,48.3,Moderate
CS-20260092,Blue Earth,Metro,IV-D,Moorhead,56560,St Paul,55101,221.0,60,2214.22,W-2,Primary CP,45.1,49.5,25.5,77.9,77.2,7.5,54.7,70.5,53.0,27.9,33.8,69.8,66.9,35.6,18.4,49.9,46.5,0,0,0,53.8,42.8,52.1,50.0,Moderate
CS-20260093,Ramsey,Central,Interstate,Moorhead,56560,St Cloud,56301,154.2,60,1865.7,Unemployed,Primary CP,58.8,42.0,10.5,72.9,84.8,18.4,26.2,49.2,62.8,35.8,35.2,29.8,68.6,23.7,12.8,41.3,74.2,0,0,0,52.8,39.4,39.7,44.8,Moderate
CS-20260094,St. Louis,Southwest,Interstate,Mankato,56001,Des Moines,50309,179.2,60,1975.39,W-2,Extended Summer,23.1,50.8,4.7,47.2,71.8,48.1,27.9,46.9,66.9,100.0,71.5,48.2,52.6,70.2,14.9,45.3,22.4,0,0,0,40.0,54.0,57.8,49.5,Moderate
CS-20260095,Olmsted,Metro,Non-IV-D,Rochester,55901,Atlanta,30303,831.1,80,5366.9,Gig/Contract,Extended Summer,47.3,33.4,54.0,20.4,74.4,11.3,54.5,15.6,62.5,100.0,66.8,7.3,0.0,47.1,69.3,100.0,73.6,1,0,0,51.5,46.6,40.6,46.8,Moderate
CS-20260096,Hennepin,Metro,Medical Support,St Cloud,56301,Duluth,55802,130.2,60,3206.66,Self-Employed,Split,100.0,43.7,23.3,63.9,100.0,55.1,44.2,38.4,39.9,21.2,15.1,16.9,24.9,15.4,10.8,20.3,56.7,0,0,0,64.8,44.5,18.3,44.8,Moderate
CS-20260097,Hennepin,Southeast,Non-IV-D,Moorhead,56560,Duluth,55802,220.7,60,5453.5,Mixed,Primary CP,71.0,26.8,96.6,4.9,56.1,49.1,0.0,20.7,55.6,27.1,36.4,13.6,58.4,36.3,18.4,20.2,56.6,1,0,1,55.7,35.2,32.6,42.6,Moderate
CS-20260098,Stearns,Metro,Interstate,St Paul,55101,Moorhead,56560,221.0,60,3792.33,Mixed,Split,28.9,17.6,39.6,71.5,90.9,9.2,0.0,24.3,22.6,17.6,22.3,22.5,0.0,25.7,18.4,29.1,28.7,1,0,0,49.7,18.2,19.4,31.2,Moderate
CS-20260099,Olmsted,Northeast,Interstate,Mankato,56001,Moorhead,56560,230.3,60,2094.15,W-2,Primary CP,0.0,54.4,51.9,96.5,50.9,7.2,67.4,50.0,64.0,21.1,47.1,56.4,51.3,4.8,19.2,55.0,21.3,0,0,0,49.7,43.7,45.1,46.5,Moderate
CS-20260100,St. Louis,Metro,Public Assistance,Marshall,56258,Sioux Falls,57104,78.0,30,2430.63,W-2,Split,55.1,38.9,46.9,54.0,24.6,4.6,0.0,36.1,42.7,100.0,44.9,59.1,64.3,46.6,6.5,8.0,54.8,0,0,0,42.5,28.1,47.0,39.6,Moderate
CS-20260101,Ramsey,Central,IV-D,Minneapolis,55401,St Paul,55101,8.7,10,5629.68,Gig/Contract,Shared,7.4,30.9,0.0,40.3,24.3,0.0,43.3,10.2,11.8,16.6,45.7,13.7,26.1,24.4,0.7,0.1,85.3,1,0,0,17.3,15.2,23.8,18.6,Low
CS-20260102,Stearns,Northeast,Interstate,Marshall,56258,Des Moines,50309,225.9,60,1769.67,Self-Employed,Extended Summer,31.8,56.7,50.7,0.0,68.7,34.3,0.0,5.8,70.4,100.0,87.0,58.3,41.9,67.3,18.8,63.8,76.4,0,0,0,44.3,39.5,64.4,48.9,Moderate
CS-20260103,Dakota,Southeast,IV-D,Duluth,55802,St Paul,55101,135.3,60,3037.26,Self-Employed,Extended Summer,32.4,45.3,2.8,32.7,92.5,67.8,15.0,61.3,0.0,22.1,23.6,27.1,82.5,22.5,11.3,22.3,49.2,0,0,0,41.6,37.4,35.9,38.6,Moderate
CS-20260104,Blue Earth,Northwest,Medical Support,Rochester,55901,Duluth,55802,191.8,60,3432.56,Mixed,Extended Summer,75.3,57.3,0.0,50.2,46.6,51.7,41.6,14.8,83.6,15.5,40.3,37.8,9.8,8.3,16.0,27.9,67.7,0,0,0,47.2,47.8,26.9,41.3,Moderate
CS-20260105,Ramsey,Northeast,Public Assistance,St Cloud,56301,St Paul,55101,66.8,30,3597.4,Unemployed,Primary CP,26.1,5.9,27.6,75.4,3.6,62.4,48.2,20.7,37.0,6.5,32.7,27.0,42.7,35.8,5.6,4.6,100.0,1,0,0,28.0,39.4,29.5,31.9,Moderate
CS-20260106,Blue Earth,Southwest,Medical Support,Minneapolis,55401,Mankato,56001,66.9,30,2393.22,W-2,Split,39.3,47.9,76.1,53.5,28.4,85.7,0.0,40.2,54.3,14.1,0.0,48.3,78.3,17.7,5.6,7.0,43.0,0,0,0,47.0,42.7,31.4,41.1,Moderate
CS-20260107,Ramsey,Southwest,Non-IV-D,Rochester,55901,Marshall,56258,166.9,60,3291.41,W-2,Shared,68.5,65.9,65.7,21.9,52.2,1.4,90.3,60.8,82.3,27.2,43.0,23.1,32.3,17.6,13.9,25.3,19.4,0,0,0,56.8,52.7,29.4,47.4,Moderate
CS-20260108,St. Louis,Northwest,Medical Support,Marshall,56258,Atlanta,30303,956.9,80,4783.85,W-2,Extended Summer,24.1,48.8,11.6,34.4,65.7,13.3,31.7,14.4,75.4,100.0,25.8,32.0,59.9,55.0,79.7,100.0,25.1,0,0,0,41.5,44.9,49.7,45.0,Moderate
CS-20260109,St. Louis,Metro,Medical Support,St Paul,55101,Moorhead,56560,221.0,60,5125.03,Self-Employed,Extended Summer,54.0,32.0,78.8,44.0,82.2,25.4,53.2,76.8,96.0,13.9,7.5,47.7,22.8,0.0,18.4,21.6,63.2,1,0,0,59.3,55.1,21.6,46.7,Moderate
CS-20260110,St. Louis,Southeast,Medical Support,Mankato,56001,Los Angeles,90012,1467.3,100,3236.41,W-2,Split,48.0,61.6,23.4,45.6,51.3,27.2,14.8,33.8,70.3,100.0,33.2,47.4,15.4,82.1,100.0,100.0,51.2,0,0,0,53.1,48.9,50.5,51.1,Moderate
CS-20260111,Dakota,Southeast,IV-D,St Cloud,56301,Mankato,56001,96.7,30,7508.73,Gig/Contract,Primary CP,30.1,18.0,19.7,23.3,41.0,32.9,0.0,4.9,47.0,28.7,23.1,27.3,26.3,35.4,8.1,3.2,44.8,1,0,0,26.8,24.2,23.7,25.1,Low
CS-20260112,Dakota,Northwest,Public Assistance,Minneapolis,55401,Phoenix,85004,1278.4,100,2977.68,W-2,Split,61.0,58.8,38.0,0.5,73.6,6.2,21.4,74.2,85.5,100.0,47.5,73.2,84.0,89.7,100.0,100.0,83.0,0,0,0,54.7,54.1,75.5,60.7,High
CS-20260113,Anoka,Northeast,Public Assistance,St Cloud,56301,Fargo,58102,155.2,60,5535.83,Self-Employed,Extended Summer,51.7,0.0,15.6,11.4,100.0,58.8,60.5,30.8,58.9,100.0,80.5,20.0,28.5,58.9,12.9,14.0,9.0,1,0,0,39.2,59.2,41.8,46.0,Moderate
CS-20260114,Dakota,Northeast,IV-D,Marshall,56258,Mankato,56001,90.6,30,3098.82,Unemployed,Extended Summer,34.2,46.4,7.5,0.0,23.3,0.0,35.2,23.3,0.0,12.5,11.5,35.1,49.1,0.0,7.5,7.3,70.9,0,0,0,23.3,14.8,22.6,20.5,Low
CS-20260115,Dakota,Central,IV-D,St Paul,55101,Atlanta,30303,901.5,80,3911.76,Self-Employed,Split,64.8,29.3,6.5,23.0,44.1,81.4,20.4,96.4,56.8,100.0,37.2,5.8,0.0,46.2,75.1,100.0,48.7,1,0,0,40.7,68.2,32.7,46.6,Moderate
CS-20260116,Hennepin,Northeast,IV-D,St Cloud,56301,Kansas City,64106,446.3,80,676.93,Gig/Contract,Shared,69.7,45.3,22.6,95.5,77.9,13.2,40.2,0.0,43.6,100.0,46.2,42.2,52.6,71.2,37.2,100.0,36.4,0,1,0,63.3,38.1,58.3,54.2,Moderate
CS-20260117,Ramsey,Metro,Interstate,Duluth,55802,Marshall,56258,240.6,60,3030.0,Self-Employed,Shared,53.7,63.8,0.4,61.0,58.0,18.3,34.2,25.7,77.1,17.3,14.0,35.8,4.4,19.6,20.0,39.7,41.2,0,0,0,47.3,38.4,22.2,37.1,Moderate
CS-20260118,Ramsey,Metro,Public Assistance,Moorhead,56560,Mankato,56001,230.3,60,3825.39,Mixed,Modified,47.2,0.0,10.1,32.0,63.2,0.0,45.3,8.1,77.4,18.4,13.4,58.4,3.5,31.8,19.2,30.1,67.0,1,0,0,34.7,33.6,27.9,32.4,Moderate
CS-20260119,Stearns,Southeast,IV-D,Minneapolis,55401,Phoenix,85004,1278.4,100,2992.88,Mixed,Extended Summer,80.6,50.0,25.2,65.7,57.3,32.6,35.9,0.0,84.1,100.0,20.1,74.5,75.3,53.6,100.0,100.0,31.7,0,1,0,62.1,52.1,61.8,59.0,Moderate
CS-20260120,Stearns,Northeast,Interstate,St Paul,55101,Atlanta,30303,901.5,80,2209.73,W-2,Extended Summer,45.3,48.8,84.0,88.8,87.9,7.9,15.8,0.0,41.9,100.0,67.4,83.8,32.8,61.1,75.1,100.0,41.3,0,1,0,71.7,31.5,68.5,58.7,Moderate
CS-20260121,Dakota,Northwest,Public Assistance,St Paul,55101,St Paul,55101,0.0,10,4704.29,Unemployed,Shared,17.2,33.5,61.5,29.7,35.9,18.1,11.3,20.2,26.2,12.0,20.3,55.6,35.1,13.6,0.0,0.0,85.4,1,0,0,32.1,17.3,28.0,26.4,Low
CS-20260122,Olmsted,Southwest,Public Assistance,Duluth,55802,Marshall,56258,240.6,60,3155.81,Mixed,Split,58.1,52.9,28.1,0.0,37.5,40.5,60.9,49.7,100.0,20.1,34.0,1.2,15.2,6.2,20.0,38.1,26.5,0,0,0,39.8,57.8,18.5,38.8,Moderate
CS-20260123,St. Louis,Central,Public Assistance,Mankato,56001,Rochester,55901,76.5,30,3897.34,Unemployed,Split,24.6,0.0,83.5,6.4,29.8,55.3,1.6,0.0,22.3,23.8,60.3,10.3,33.9,11.0,6.4,4.9,65.4,1,0,0,31.5,24.0,26.8,27.9,Low
CS-20260124,Stearns,Metro,Public Assistance,St Cloud,56301,St Louis,63101,519.9,80,8959.82,Mixed,Shared,16.9,30.1,28.4,53.9,62.0,67.5,12.2,26.3,51.1,100.0,61.2,24.1,31.8,69.6,43.3,38.7,70.2,1,0,0,43.0,51.5,43.9,45.8,Moderate
CS-20260125,Blue Earth,Northeast,Public Assistance,Mankato,56001,St Paul,55101,70.6,30,4107.49,W-2,Extended Summer,0.0,50.2,3.7,15.6,13.1,42.7,0.0,72.2,49.1,16.8,24.0,34.6,34.4,27.7,5.9,4.3,81.9,0,0,0,17.1,36.0,26.3,25.5,Low
CS-20260126,Hennepin,Southeast,Medical Support,Moorhead,56560,Minneapolis,55401,213.2,60,1922.4,Unemployed,Primary CP,46.7,51.1,40.4,73.1,1.2,29.8,61.9,21.7,50.2,24.0,42.1,45.6,62.3,3.4,17.8,55.5,7.5,0,0,0,45.2,41.5,43.2,43.5,Moderate
CS-20260127,St. Louis,Northeast,Public Assistance,Duluth,55802,St Cloud,56301,130.2,60,3071.91,W-2,Modified,69.0,74.1,79.2,46.0,70.3,6.5,28.6,34.8,43.1,24.5,37.7,35.6,44.3,17.6,10.8,21.2,46.0,0,0,0,67.2,29.6,33.0,45.7,Moderate
CS-20260128,Stearns,Southwest,IV-D,Duluth,55802,Moorhead,56560,220.7,60,3906.48,Gig/Contract,Extended Summer,33.6,11.5,17.4,12.6,53.8,27.9,24.3,22.0,41.7,20.3,41.9,4.3,11.3,6.5,18.4,28.2,18.5,1,0,0,30.9,31.5,19.0,27.5,Low
CS-20260129,Dakota,Northwest,Public Assistance,Marshall,56258,Mankato,56001,90.6,30,5693.05,W-2,Extended Summer,30.7,19.7,33.9,44.0,0.2,19.1,25.5,43.8,1.8,0.0,28.3,58.8,47.3,21.1,7.5,4.0,55.7,1,0,0,27.0,19.8,35.0,27.3,Low
CS-20260130,Dakota,Northeast,Medical Support,St Cloud,56301,Atlanta,30303,965.6,80,5652.82,Self-Employed,Primary CP,28.6,34.5,79.1,53.3,100.0,69.1,9.8,65.6,22.6,100.0,37.5,23.5,15.6,72.3,80.5,100.0,21.4,1,0,0,61.7,51.6,44.2,53.4,Moderate
CS-20260131,Dakota,Southwest,IV-D,Rochester,55901,Fargo,58102,287.7,60,6217.86,W-2,Extended Summer,50.0,24.8,14.1,33.4,76.5,2.4,6.8,61.1,31.1,100.0,35.3,22.4,40.7,73.9,24.0,23.1,46.8,1,0,0,42.0,33.4,37.1,38.0,Moderate
CS-20260132,St. Louis,Northwest,IV-D,Moorhead,56560,Los Angeles,90012,1426.3,100,5731.62,Unemployed,Split,47.0,32.8,18.1,35.8,48.3,0.0,17.3,44.8,76.5,100.0,67.4,49.8,26.6,73.0,100.0,100.0,26.6,1,0,0,45.6,45.5,60.6,50.0,Moderate
CS-20260133,Dakota,Northeast,Non-IV-D,St Cloud,56301,Duluth,55802,130.2,60,3631.07,Self-Employed,Extended Summer,63.5,49.1,17.5,20.1,60.0,28.8,29.1,29.3,17.0,5.2,15.9,27.6,16.8,39.8,10.8,17.9,76.2,0,0,0,44.6,27.3,22.9,32.9,Moderate
CS-20260134,Olmsted,Southwest,Medical Support,Rochester,55901,Mankato,56001,76.5,30,4740.85,W-2,Modified,48.7,2.2,38.7,28.3,38.4,0.0,0.0,35.1,35.5,7.8,9.3,48.0,3.6,42.6,6.4,4.0,45.5,1,0,0,32.3,16.1,22.1,24.4,Low
CS-20260135,Hennepin,Metro,IV-D,Duluth,55802,Phoenix,85004,1393.6,100,1804.24,W-2,Modified,63.3,44.1,17.1,60.9,40.0,31.3,9.7,62.3,38.1,100.0,3.9,54.9,98.4,81.8,100.0,100.0,41.5,0,1,0,52.8,46.8,61.7,53.6,Moderate
CS-20260136,Olmsted,Central,Non-IV-D,Mankato,56001,Phoenix,85004,1218.0,100,3726.8,Unemployed,Extended Summer,50.5,35.9,0.0,54.5,74.3,30.9,28.8,22.3,71.5,100.0,60.7,24.3,14.7,71.5,100.0,100.0,80.7,1,0,0,49.8,51.1,49.9,50.2,Moderate
CS-20260137,St. Louis,Northwest,Interstate,Marshall,56258,Minneapolis,55401,129.2,60,779.23,Unemployed,Shared,53.6,56.0,23.1,65.4,55.5,44.8,0.0,8.7,25.9,1.9,21.8,84.6,55.4,21.5,10.8,64.6,36.5,0,0,0,50.9,23.9,50.6,42.7,Moderate
CS-20260138,Olmsted,Central,Medical Support,St Cloud,56301,St Paul,55101,66.8,30,3090.55,Unemployed,Shared,26.7,48.6,43.1,42.3,2.8,22.4,30.0,40.2,59.6,6.9,10.4,9.9,20.8,25.0,5.6,5.4,92.7,0,0,0,32.5,33.2,13.8,27.1,Low
CS-20260139,Olmsted,Central,IV-D,Duluth,55802,Phoenix,85004,1393.6,100,4063.29,W-2,Split,43.0,28.0,5.0,76.0,27.8,21.3,98.5,22.1,54.2,100.0,43.6,27.1,49.7,36.8,100.0,100.0,80.3,1,0,0,44.4,59.2,48.1,49.9,Moderate
CS-20260140,Blue Earth,Northeast,Medical Support,Marshall,56258,Fargo,58102,174.9,60,1636.88,W-2,Primary CP,44.1,46.4,30.6,24.8,69.2,54.4,0.0,69.0,44.8,100.0,57.7,58.3,43.5,77.3,14.6,53.4,87.1,0,0,0,45.0,48.9,57.3,49.9,Moderate
CS-20260141,Anoka,Northeast,Medical Support,Moorhead,56560,Mankato,56001,230.3,60,3856.37,Gig/Contract,Primary CP,65.8,0.0,52.8,40.4,89.7,24.4,13.7,22.0,33.0,19.8,40.9,22.8,16.5,22.0,19.2,29.9,31.1,1,0,0,52.2,26.7,27.0,37.0,Moderate
CS-20260142,St. Louis,Northeast,Medical Support,Moorhead,56560,Mankato,56001,230.3,60,4080.96,Gig/Contract,Shared,96.2,20.1,13.5,15.8,74.9,14.7,7.0,43.1,86.4,10.2,0.0,46.1,12.7,29.9,19.2,28.2,0.0,1,0,0,47.6,35.9,22.8,36.6,Moderate
CS-20260143,Blue Earth,Southeast,Medical Support,Rochester,55901,Kansas City,64106,356.8,80,5806.68,Mixed,Shared,23.4,39.6,20.3,9.0,51.9,30.4,22.1,31.4,97.5,100.0,21.8,55.9,26.9,56.5,29.7,41.0,8.7,1,0,0,35.8,54.2,39.4,42.4,Moderate
CS-20260144,Blue Earth,Northwest,Medical Support,St Cloud,56301,Des Moines,50309,275.8,60,2929.49,Gig/Contract,Split,47.2,85.2,43.9,59.7,35.0,24.5,37.7,15.3,5.9,100.0,53.6,65.0,62.3,88.5,23.0,47.1,15.2,0,0,0,54.2,33.2,62.4,50.4,Moderate
CS-20260145,Hennepin,Southwest,Public Assistance,Minneapolis,55401,St Paul,55101,8.7,10,5424.39,Gig/Contract,Modified,61.2,0.0,25.8,18.9,23.4,68.3,10.3,55.2,28.7,6.3,5.5,40.9,4.3,28.0,0.7,0.1,79.6,1,0,0,25.2,34.8,16.7,25.5,Low
CS-20260146,Anoka,Metro,Medical Support,Rochester,55901,Phoenix,85004,1279.1,100,1093.55,W-2,Shared,35.1,78.9,2.3,49.8,69.2,32.1,15.0,12.4,86.4,100.0,81.3,73.7,56.5,57.9,100.0,100.0,21.2,0,0,0,52.2,50.2,73.7,58.0,Moderate
CS-20260147,Hennepin,Northwest,Non-IV-D,Minneapolis,55401,Moorhead,56560,213.2,60,2476.56,Mixed,Shared,80.8,68.0,0.0,83.1,40.0,11.1,25.0,97.9,100.0,19.9,21.7,66.6,71.0,13.2,17.8,43.1,86.9,0,0,0,53.8,50.4,44.7,50.1,Moderate
CS-20260148,St. Louis,Northwest,Interstate,St Cloud,56301,St Louis,63101,519.9,80,4614.13,Mixed,Split,61.0,38.3,27.6,48.5,47.7,8.0,36.0,29.0,73.6,100.0,58.2,56.8,24.9,80.0,43.3,75.1,14.7,1,0,0,49.9,46.3,57.0,50.9,Moderate
CS-20260149,Anoka,Northwest,Public Assistance,Rochester,55901,Madison,53703,167.8,60,3503.22,Gig/Contract,Split,65.3,42.0,14.7,28.4,29.6,55.6,37.8,31.2,68.0,100.0,50.9,30.1,13.1,80.5,14.0,24.0,52.5,0,0,0,40.0,55.7,38.5,44.3,Moderate
CS-20260150,St. Louis,Southeast,Interstate,St Cloud,56301,Los Angeles,90012,1495.7,100,5085.63,W-2,Extended Summer,38.4,0.0,39.7,19.5,42.7,30.5,12.2,83.0,70.3,100.0,62.3,8.1,46.8,73.9,100.0,100.0,32.8,1,0,0,40.0,56.6,53.1,48.9,Moderate
CS-20260151,Olmsted,Southeast,IV-D,St Paul,55101,Marshall,56258,137.1,60,4458.1,Mixed,Modified,10.9,33.2,51.5,0.2,29.6,38.0,45.4,46.5,17.3,1.3,4.9,49.8,22.2,9.8,11.4,15.4,72.0,1,0,0,30.9,35.2,21.9,29.5,Low
CS-20260152,Dakota,Metro,Medical Support,Rochester,55901,Rochester,55901,0.0,10,5103.21,Self-Employed,Split,59.6,54.0,13.5,0.8,16.7,22.7,0.7,6.7,34.9,14.6,25.6,17.9,20.9,4.1,0.0,0.0,90.3,0,0,0,26.9,16.3,15.7,20.3,Low
CS-20260153,Anoka,Southwest,IV-D,Marshall,56258,Rochester,55901,166.9,60,6063.45,Self-Employed,Split,9.4,6.4,0.0,15.7,58.3,0.0,1.6,49.9,62.1,15.6,12.0,32.8,15.2,13.9,13.9,13.8,83.8,1,0,0,22.9,27.8,18.4,23.0,Low
CS-20260154,Olmsted,Metro,IV-D,Duluth,55802,Chicago,60601,404.4,80,6612.83,Gig/Contract,Modified,21.4,41.6,34.6,4.7,76.4,45.7,35.5,51.3,78.4,100.0,54.9,38.8,31.1,75.9,33.7,40.8,8.8,0,0,0,41.6,59.9,47.1,48.8,Moderate
CS-20260155,Blue Earth,Northeast,Non-IV-D,St Paul,55101,Des Moines,50309,234.3,60,6085.17,W-2,Extended Summer,75.7,20.4,69.2,0.0,70.3,28.3,18.8,84.0,51.3,100.0,60.2,13.7,24.6,67.4,19.5,19.3,47.6,1,0,1,51.6,49.7,36.4,46.5,Moderate
CS-20260156,Anoka,Southeast,Medical Support,Duluth,55802,Dallas,75201,998.4,80,3534.85,Unemployed,Split,47.1,41.5,12.1,0.0,95.0,42.9,32.2,33.0,47.9,100.0,54.7,34.7,20.8,58.2,83.2,100.0,24.7,0,0,0,44.3,49.7,50.3,47.7,Moderate
CS-20260157,Anoka,Central,Interstate,St Cloud,56301,St Paul,55101,66.8,30,2550.85,Gig/Contract,Extended Summer,16.7,53.7,7.1,75.0,54.7,7.6,24.8,30.0,37.4,15.6,38.4,65.7,32.7,31.0,5.6,6.6,90.2,0,0,0,36.8,23.4,38.2,33.2,Moderate
CS-20260158,Olmsted,Northwest,IV-D,Minneapolis,55401,St Cloud,56301,59.2,30,2826.09,Gig/Contract,Extended Summer,35.8,68.7,16.2,83.6,72.3,3.9,0.0,26.9,42.4,13.2,51.2,36.6,67.5,8.9,4.9,5.2,100.0,0,0,0,48.6,17.8,37.6,36.0,Moderate
CS-20260159,Blue Earth,Southwest,Non-IV-D,Rochester,55901,Duluth,55802,191.8,60,7786.53,Self-Employed,Modified,33.1,14.0,35.5,21.5,59.1,62.5,0.0,65.8,44.2,11.1,51.0,9.9,39.6,13.8,16.0,12.3,35.0,1,0,0,36.9,41.4,27.1,35.3,Moderate
CS-20260160,Dakota,Southeast,Interstate,St Paul,55101,St Cloud,56301,66.8,30,2406.05,Mixed,Split,47.6,74.4,14.0,46.5,3.3,3.1,79.0,41.9,1.0,4.4,33.7,66.8,64.9,14.2,5.6,6.9,64.9,0,0,0,35.4,26.5,41.3,34.5,Moderate
CS-20260161,Stearns,Central,Medical Support,St Paul,55101,Los Angeles,90012,1528.3,100,4790.18,W-2,Modified,51.9,0.0,15.9,11.3,63.5,71.7,65.3,17.0,76.4,100.0,58.7,36.7,35.9,100.0,100.0,100.0,13.7,1,0,0,39.8,68.8,61.0,54.9,Moderate
CS-20260162,Hennepin,Central,Interstate,Marshall,56258,Madison,53703,333.2,80,5052.54,W-2,Modified,29.6,36.1,3.5,20.8,54.1,79.6,38.4,2.1,59.1,100.0,37.2,9.9,21.1,65.4,27.8,44.0,100.0,1,0,0,35.3,57.7,32.4,41.1,Moderate
CS-20260163,Stearns,Northeast,Public Assistance,Minneapolis,55401,Milwaukee,53202,297.1,60,4979.33,Unemployed,Split,19.7,13.7,38.4,75.9,28.3,0.0,57.4,28.2,40.6,100.0,59.6,0.0,25.1,74.9,24.8,29.8,65.1,1,0,0,38.3,39.8,35.6,38.0,Moderate
CS-20260164,Anoka,Metro,IV-D,Moorhead,56560,Duluth,55802,220.7,60,2374.99,Gig/Contract,Split,51.9,36.5,24.6,40.3,51.8,0.1,33.0,35.7,53.3,15.3,0.0,53.2,54.1,57.3,18.4,46.5,14.2,0,0,0,43.6,30.2,39.7,38.4,Moderate
CS-20260165,Ramsey,Metro,Public Assistance,Moorhead,56560,Rochester,55901,286.7,60,6835.52,Mixed,Primary CP,71.9,30.6,51.7,38.2,67.8,17.0,82.5,83.5,45.5,4.4,21.3,17.2,23.9,36.6,23.9,21.0,30.6,1,0,0,54.2,48.8,23.0,43.2,Moderate
CS-20260166,Hennepin,Central,Public Assistance,Rochester,55901,St Paul,55101,71.2,30,4122.92,Self-Employed,Modified,36.3,42.0,0.0,16.7,29.2,39.6,48.2,0.0,40.4,9.9,3.6,20.0,21.7,8.9,5.9,4.3,12.9,0,0,0,24.9,31.6,12.2,23.1,Low
CS-20260167,St. Louis,Southeast,Interstate,Rochester,55901,Chicago,60601,286.2,60,3247.39,Self-Employed,Modified,64.3,32.2,66.4,29.9,72.0,30.0,43.3,23.3,67.1,100.0,76.2,41.3,39.2,71.3,23.9,44.1,77.3,0,0,0,55.3,49.1,54.5,53.2,Moderate
CS-20260168,Stearns,Southwest,Public Assistance,Rochester,55901,Mankato,56001,76.5,30,1325.02,W-2,Extended Summer,65.9,69.0,62.0,49.5,30.9,70.3,61.9,27.0,62.0,23.6,28.4,73.1,36.4,24.0,6.4,14.4,100.0,0,0,0,52.5,51.8,38.4,48.1,Moderate
CS-20260169,Anoka,Southeast,Interstate,Moorhead,56560,Des Moines,50309,397.1,80,3807.52,Self-Employed,Split,31.4,12.0,0.4,12.7,52.6,0.0,20.3,36.4,39.8,100.0,77.3,38.2,43.6,60.1,33.1,69.5,63.4,1,0,0,29.9,35.5,57.0,39.7,Moderate
CS-20260170,Blue Earth,Northeast,IV-D,Minneapolis,55401,Kansas City,64106,411.3,80,2234.52,Mixed,Shared,69.6,58.4,30.0,34.1,42.1,28.8,1.0,29.4,30.7,100.0,65.3,38.3,64.9,79.4,34.3,100.0,24.6,0,0,0,52.1,35.9,65.8,51.4,Moderate
CS-20260171,Blue Earth,Southeast,Interstate,Minneapolis,55401,Minneapolis,55401,0.0,10,5247.65,Gig/Contract,Primary CP,40.7,14.2,1.8,0.0,32.0,33.8,21.9,17.8,41.6,12.6,19.1,41.7,31.0,22.7,0.0,0.0,79.7,1,0,0,16.9,26.1,24.8,22.0,Low
CS-20260172,Anoka,Central,Non-IV-D,Rochester,55901,Los Angeles,90012,1535.9,100,2781.11,Mixed,Extended Summer,63.5,34.7,65.6,59.1,57.3,24.0,48.6,39.3,31.8,100.0,61.2,79.3,62.0,86.4,100.0,100.0,92.3,0,1,0,63.5,48.0,75.5,62.4,High
CS-20260173,Blue Earth,Northeast,Non-IV-D,Mankato,56001,St Cloud,56301,96.7,30,6042.68,Gig/Contract,Extended Summer,40.5,45.9,22.6,30.5,18.0,90.1,3.6,90.5,38.0,3.8,31.6,0.0,36.3,31.3,8.1,4.0,53.2,0,0,0,31.3,47.8,20.4,33.0,Moderate
CS-20260174,Olmsted,Southeast,Non-IV-D,Moorhead,56560,Rochester,55901,286.7,60,4422.39,Gig/Contract,Shared,93.0,14.9,0.9,62.6,99.3,18.1,40.2,87.5,43.2,11.1,47.2,57.0,35.1,4.8,23.9,32.4,91.7,1,0,0,54.3,41.4,38.6,45.7,Moderate
CS-20260175,Blue Earth,Central,Non-IV-D,Moorhead,56560,Fargo,58102,1.1,10,3244.25,Gig/Contract,Shared,27.6,61.8,48.0,48.8,33.3,26.3,20.9,74.9,0.0,100.0,44.7,33.9,4.3,75.8,0.1,0.0,62.9,0,0,0,38.2,33.0,31.9,34.7,Moderate
CS-20260176,Ramsey,Northwest,IV-D,Duluth,55802,St Louis,63101,571.7,80,7359.86,W-2,Split,84.6,15.7,67.3,28.4,51.0,65.5,42.8,3.9,70.5,100.0,61.3,17.1,41.1,60.5,47.6,51.8,48.3,1,0,1,56.6,57.6,44.7,53.3,Moderate
CS-20260177,Blue Earth,Northwest,Public Assistance,Duluth,55802,Fargo,58102,221.7,60,2069.75,W-2,Primary CP,60.0,44.7,16.5,55.5,45.1,14.8,0.0,14.1,52.3,100.0,45.4,54.1,53.9,77.2,18.5,53.6,63.9,0,0,0,46.1,32.3,55.3,44.7,Moderate
CS-20260178,Dakota,Metro,IV-D,Moorhead,56560,Mankato,56001,230.3,60,3030.42,Mixed,Shared,23.5,34.2,11.2,22.3,44.6,0.0,10.9,24.9,69.9,10.5,17.6,15.2,24.4,5.3,19.2,38.0,56.3,0,0,0,31.1,26.9,19.6,26.4,Low
CS-20260179,Anoka,Northwest,Non-IV-D,Rochester,55901,Mankato,56001,76.5,30,985.44,Gig/Contract,Primary CP,27.1,61.0,23.3,100.0,32.0,0.0,18.1,0.0,26.4,8.3,41.5,49.2,52.9,8.5,6.4,19.1,100.0,0,0,0,43.5,12.7,37.4,32.4,Moderate
CS-20260180,Stearns,Northwest,Interstate,Minneapolis,55401,Moorhead,56560,213.2,60,3621.76,Mixed,Primary CP,90.3,41.3,28.7,38.1,67.9,0.0,14.4,35.5,57.0,3.8,24.1,57.3,47.4,17.1,17.8,29.4,65.8,0,0,0,54.9,26.0,36.8,40.8,Moderate
CS-20260181,Hennepin,Southeast,Interstate,Minneapolis,55401,Marshall,56258,129.2,60,3540.29,W-2,Shared,12.5,6.5,98.1,24.0,55.1,12.6,58.1,48.0,72.4,13.7,30.3,5.7,51.6,0.5,10.8,18.3,73.4,1,0,0,44.0,43.8,22.1,37.4,Moderate
CS-20260182,Stearns,Northwest,Medical Support,Duluth,55802,Los Angeles,90012,1620.1,100,2224.86,Gig/Contract,Split,37.0,38.3,59.1,48.1,49.0,33.0,0.0,25.5,82.4,100.0,40.8,46.5,50.9,87.7,100.0,100.0,46.9,0,0,0,54.5,48.6,60.1,54.4,Moderate
CS-20260183,Ramsey,Northeast,Medical Support,Duluth,55802,Los Angeles,90012,1620.1,100,3243.81,Mixed,Modified,60.6,33.0,32.3,39.0,53.8,46.9,2.3,30.6,82.6,100.0,38.5,37.3,0.0,61.2,100.0,100.0,41.2,0,0,0,52.5,53.3,43.2,49.9,Moderate
CS-20260184,Stearns,Central,Non-IV-D,Moorhead,56560,Des Moines,50309,397.1,80,1257.14,Mixed,Split,35.3,60.8,16.6,10.8,17.6,51.1,29.2,0.0,48.0,100.0,40.5,80.2,48.1,75.7,33.1,100.0,45.5,0,0,0,35.8,46.2,66.2,48.0,Moderate
CS-20260185,Dakota,Northwest,Public Assistance,St Paul,55101,Madison,53703,225.3,60,900.0,Gig/Contract,Extended Summer,66.9,59.3,79.1,100.0,18.3,49.0,14.3,70.6,57.1,100.0,42.4,48.9,60.9,47.2,18.8,100.0,60.8,0,0,0,64.9,53.1,57.1,59.0,Moderate
CS-20260186,Stearns,Metro,IV-D,St Paul,55101,Mankato,56001,70.6,30,3450.85,W-2,Extended Summer,10.1,46.0,92.6,18.2,32.2,4.8,35.2,33.0,65.0,13.6,37.0,31.6,48.3,7.2,5.9,5.1,86.6,0,0,0,39.5,30.5,28.7,33.6,Moderate
CS-20260187,Anoka,Southwest,Medical Support,St Paul,55101,Des Moines,50309,234.3,60,3849.54,Self-Employed,Split,48.6,26.8,24.5,27.4,64.3,46.4,39.7,79.9,48.9,100.0,34.0,45.3,40.8,92.1,19.5,30.4,26.9,1,0,0,41.4,57.3,46.4,47.7,Moderate
CS-20260188,Ramsey,Northeast,Interstate,Duluth,55802,Mankato,56001,203.2,60,3786.81,Self-Employed,Split,13.9,17.2,37.9,19.7,72.8,14.6,26.5,3.6,59.7,0.0,21.6,3.9,46.7,29.7,16.9,26.8,53.7,1,0,0,35.8,27.4,24.2,29.8,Low
CS-20260189,St. Louis,Central,Interstate,Rochester,55901,Duluth,55802,191.8,60,6937.81,Unemployed,Modified,29.1,59.9,86.8,24.8,82.7,0.0,3.5,56.3,47.4,6.5,47.0,25.9,31.3,9.4,16.0,13.8,0.0,0,0,0,57.3,25.3,28.0,38.9,Moderate
CS-20260190,Blue Earth,Southwest,Non-IV-D,Duluth,55802,Rochester,55901,191.8,60,4686.1,Gig/Contract,Split,7.9,23.6,0.0,73.7,78.2,19.9,45.3,52.5,68.9,16.6,29.8,50.4,38.2,22.3,16.0,20.5,0.6,1,0,0,36.9,43.3,34.1,38.0,Moderate
CS-20260191,Hennepin,Northwest,Public Assistance,Mankato,56001,Kansas City,64106,350.7,80,2471.92,Self-Employed,Split,47.3,56.9,49.7,100.0,90.3,28.8,59.4,18.6,39.0,100.0,51.4,62.1,32.6,75.0,29.2,94.6,38.1,0,1,0,68.5,47.7,60.3,59.8,Moderate
CS-20260192,Anoka,Northeast,Non-IV-D,Mankato,56001,Milwaukee,53202,313.6,80,900.0,Unemployed,Split,31.1,46.7,100.0,72.2,33.3,26.7,0.0,39.3,48.6,100.0,48.3,79.2,31.8,49.0,26.1,100.0,27.4,0,1,0,61.1,40.3,60.6,54.7,Moderate
CS-20260193,Hennepin,Northeast,Medical Support,St Paul,55101,Marshall,56258,137.1,60,6069.08,Mixed,Primary CP,16.6,0.0,11.9,42.1,84.0,53.7,49.8,40.5,0.0,11.9,28.4,37.2,15.8,18.5,11.4,11.3,5.8,1,0,0,33.6,36.6,24.0,31.6,Moderate
CS-20260194,Stearns,Northeast,Public Assistance,St Paul,55101,Dallas,75201,863.7,80,3015.15,W-2,Primary CP,60.0,35.4,21.1,39.8,53.1,21.1,0.7,18.7,70.2,100.0,52.8,20.6,29.0,80.7,72.0,100.0,0.0,0,0,0,47.5,40.3,51.3,46.4,Moderate
CS-20260195,St. Louis,Metro,Public Assistance,St Paul,55101,Rochester,55901,71.2,30,6286.33,W-2,Extended Summer,27.6,33.5,41.6,0.0,10.8,56.8,4.3,49.8,10.9,10.6,28.7,10.8,17.9,22.8,5.9,2.8,59.7,1,0,0,25.0,28.8,17.3,23.8,Low
CS-20260196,Anoka,Southwest,Public Assistance,Moorhead,56560,Milwaukee,53202,506.5,80,1623.6,Gig/Contract,Split,16.7,61.4,100.0,60.4,64.5,30.5,0.0,49.2,62.0,100.0,79.4,46.3,87.7,81.6,42.2,100.0,55.8,0,1,0,63.3,45.4,76.2,61.8,High
CS-20260197,Ramsey,Northwest,Non-IV-D,St Paul,55101,Marshall,56258,137.1,60,4621.24,Self-Employed,Modified,44.5,49.0,22.5,0.0,37.7,58.7,26.2,65.1,52.4,0.0,27.6,0.9,38.7,16.6,11.4,14.8,78.5,0,0,0,35.4,46.1,19.6,33.9,Moderate
CS-20260198,Stearns,Central,IV-D,Duluth,55802,Des Moines,50309,367.2,80,2645.01,Mixed,Shared,78.1,75.8,80.5,57.2,71.6,5.3,37.1,48.4,79.4,100.0,36.9,63.8,31.7,78.6,30.6,92.6,53.3,0,1,0,74.4,49.9,57.2,61.9,High
CS-20260199,Ramsey,Southwest,Non-IV-D,Marshall,56258,Kansas City,64106,374.2,80,1054.39,Gig/Contract,Extended Summer,43.8,49.0,0.0,68.6,65.0,14.5,4.9,82.8,91.1,100.0,41.3,48.2,63.8,64.6,31.2,100.0,38.5,0,1,0,48.1,53.2,59.8,53.2,Moderate
CS-20260200,Stearns,Southwest,IV-D,Rochester,55901,Mankato,56001,76.5,30,5531.38,Gig/Contract,Extended Summer,0.0,51.4,21.3,20.9,23.2,61.3,0.0,45.9,28.8,18.5,42.1,13.7,33.5,14.0,6.4,3.5,89.2,0,0,0,23.1,32.8,23.3,26.1,Low
CS-20260201,Ramsey,Southeast,Interstate,Marshall,56258,Dallas,75201,807.4,80,900.0,W-2,Shared,47.8,42.9,27.8,70.3,45.8,5.2,17.8,7.7,74.8,100.0,43.4,11.5,48.3,54.4,67.3,100.0,1.2,0,1,0,51.0,39.0,46.5,46.0,Moderate
CS-20260202,Dakota,Southwest,Non-IV-D,St Cloud,56301,Atlanta,30303,965.6,80,1972.63,Unemployed,Extended Summer,52.4,81.6,25.6,46.7,69.1,9.7,6.1,3.5,23.0,100.0,43.0,60.5,53.3,63.8,80.5,100.0,18.4,0,0,0,57.2,26.8,61.1,49.2,Moderate
CS-20260203,Stearns,Southwest,Medical Support,Duluth,55802,Marshall,56258,240.6,60,5294.84,Unemployed,Split,21.0,40.5,52.0,13.4,30.7,53.0,39.5,30.3,77.6,19.2,5.1,24.7,11.0,38.0,20.0,22.7,12.1,0,0,0,36.3,49.1,18.8,34.9,Moderate
CS-20260204,Olmsted,Southeast,Medical Support,Marshall,56258,Marshall,56258,0.0,10,5808.66,Gig/Contract,Shared,54.6,61.6,12.6,45.7,70.6,6.9,0.0,0.0,42.3,0.0,18.3,37.0,28.3,24.4,0.0,0.0,73.6,0,0,0,41.6,11.2,23.1,27.0,Low
CS-20260205,St. Louis,Southwest,IV-D,Marshall,56258,St Louis,63101,494.9,80,6501.96,Unemployed,Modified,29.0,11.5,6.1,48.3,78.0,26.1,43.7,47.2,91.3,100.0,77.4,41.8,57.1,45.2,41.2,50.7,28.9,1,0,0,39.7,58.6,55.6,50.1,Moderate
CS-20260206,Olmsted,Northeast,IV-D,Rochester,55901,Milwaukee,53202,237.6,60,2876.45,Unemployed,Primary CP,65.9,34.0,33.6,90.2,73.9,23.1,38.2,8.5,83.0,100.0,64.0,57.4,47.5,39.6,19.8,41.3,15.2,0,0,0,58.6,47.3,52.0,53.2,Moderate
CS-20260207,Anoka,Metro,Medical Support,Rochester,55901,St Cloud,56301,134.7,60,7640.55,Gig/Contract,Modified,21.8,28.8,38.1,2.4,63.7,34.9,20.2,100.0,0.0,23.5,21.9,42.4,32.9,7.0,11.2,8.8,73.7,1,0,0,35.2,36.1,25.0,32.4,Moderate
CS-20260208,Ramsey,Southeast,Public Assistance,Mankato,56001,Sioux Falls,57104,142.7,60,900.0,W-2,Extended Summer,63.3,61.0,81.5,83.3,67.4,20.7,2.4,54.6,51.7,100.0,75.9,54.2,55.8,56.4,11.9,71.3,97.3,0,0,0,69.7,40.2,62.8,58.8,Moderate
CS-20260209,Blue Earth,Southeast,Medical Support,Duluth,55802,Sioux Falls,57104,317.8,80,5397.75,Gig/Contract,Split,92.7,7.4,63.2,35.1,72.9,58.1,2.5,36.1,72.4,100.0,33.5,51.7,46.1,72.0,26.5,39.3,44.0,1,0,0,60.5,52.9,47.2,54.2,Moderate
CS-20260210,Blue Earth,Northeast,Medical Support,Moorhead,56560,St Paul,55101,221.0,60,5197.3,W-2,Primary CP,31.0,25.6,31.3,49.3,28.8,45.1,51.4,18.6,45.4,12.7,50.5,0.0,48.0,23.1,18.4,21.3,11.8,1,0,0,37.0,40.7,28.9,35.7,Moderate
CS-20260211,Anoka,Central,Interstate,Marshall,56258,Los Angeles,90012,1392.3,100,2264.44,Gig/Contract,Extended Summer,86.9,36.1,0.0,85.0,66.8,1.1,24.3,5.6,80.0,100.0,69.1,66.5,61.5,96.4,100.0,100.0,42.0,0,1,0,60.6,42.0,75.7,59.5,Moderate
CS-20260212,Ramsey,Northwest,Public Assistance,St Cloud,56301,Duluth,55802,130.2,60,2072.63,W-2,Primary CP,59.9,96.7,1.7,52.0,68.3,17.0,0.4,39.9,74.4,16.6,8.7,33.2,59.6,34.6,10.8,31.4,79.9,0,0,0,53.9,32.9,32.3,41.1,Moderate
CS-20260213,Olmsted,Southeast,Interstate,Duluth,55802,Minneapolis,55401,136.9,60,4195.67,W-2,Extended Summer,37.0,3.2,35.0,50.1,29.1,90.6,69.5,88.4,1.2,4.1,22.3,38.0,57.3,28.6,11.4,16.3,61.9,1,0,0,35.8,56.4,33.3,41.2,Moderate
CS-20260214,Ramsey,Northwest,IV-D,Mankato,56001,Duluth,55802,203.2,60,3207.0,W-2,Shared,28.8,87.6,14.9,65.0,73.6,15.5,9.6,16.5,66.6,15.6,14.3,27.3,26.4,0.0,16.9,31.7,53.5,0,0,0,51.7,29.2,20.5,35.5,Moderate
CS-20260215,Stearns,Northwest,Non-IV-D,Marshall,56258,Rochester,55901,166.9,60,2436.5,Unemployed,Primary CP,24.6,21.3,0.0,30.2,45.8,53.2,9.5,24.8,66.0,16.0,23.6,38.9,81.1,45.1,13.9,34.2,0.0,0,0,0,28.5,39.7,43.7,36.4,Moderate
CS-20260216,Dakota,Northwest,Non-IV-D,Rochester,55901,St Paul,55101,71.2,30,1848.17,W-2,Modified,13.8,65.1,6.9,100.0,48.8,21.8,40.5,83.7,16.7,8.5,26.4,71.8,57.5,0.0,5.9,9.6,47.9,0,0,0,40.7,33.3,37.5,37.5,Moderate
CS-20260217,Blue Earth,Southeast,IV-D,Minneapolis,55401,Sioux Falls,57104,198.1,60,4066.85,W-2,Shared,48.3,64.5,45.1,41.1,89.8,58.9,11.9,29.9,69.4,100.0,53.5,28.4,32.8,32.0,16.5,24.4,59.1,0,0,0,57.0,51.5,35.5,48.9,Moderate
CS-20260218,Anoka,Southwest,Medical Support,St Paul,55101,Kansas City,64106,411.2,80,4427.12,Mixed,Modified,45.1,65.9,7.9,21.1,99.8,47.0,9.0,19.6,74.8,100.0,53.7,9.3,15.4,60.9,34.3,61.9,40.1,0,0,0,50.6,49.5,37.3,46.3,Moderate
CS-20260219,Anoka,Northwest,Public Assistance,Mankato,56001,Los Angeles,90012,1467.3,100,2476.39,Gig/Contract,Primary CP,10.9,76.3,74.5,90.5,68.9,81.8,29.3,43.5,68.4,100.0,48.2,94.4,71.0,78.6,100.0,100.0,10.1,0,1,0,67.4,66.5,76.6,69.9,High
CS-20260220,St. Louis,Northeast,Non-IV-D,Rochester,55901,St Paul,55101,71.2,30,1881.05,Unemployed,Modified,41.4,57.9,8.9,63.1,56.8,30.5,35.2,20.2,11.9,11.9,17.6,50.4,32.4,16.1,5.9,9.5,54.0,0,0,0,41.2,24.3,27.3,32.0,Moderate
CS-20260221,Olmsted,Southeast,IV-D,Moorhead,56560,Duluth,55802,220.7,60,900.0,W-2,Split,95.2,76.8,63.2,60.4,36.6,92.5,57.9,24.5,78.5,16.4,0.9,51.4,57.4,11.2,18.4,100.0,36.5,0,0,0,66.7,61.7,41.2,57.6,Moderate
CS-20260222,Dakota,Northeast,IV-D,Mankato,56001,Atlanta,30303,884.0,80,4035.48,Gig/Contract,Primary CP,48.2,26.0,0.9,14.2,34.3,35.6,0.0,40.5,85.7,100.0,44.6,0.0,18.5,69.0,73.7,100.0,16.7,1,0,0,33.0,50.1,40.2,40.3,Moderate
CS-20260223,Ramsey,Northeast,Public Assistance,Rochester,55901,Sioux Falls,57104,215.1,60,3272.61,Self-Employed,Primary CP,83.7,68.3,3.4,0.0,53.5,14.2,67.9,57.4,68.2,100.0,84.8,43.0,24.1,67.3,17.9,32.9,33.1,0,0,0,44.7,55.4,51.8,50.0,Moderate
CS-20260224,Dakota,Metro,IV-D,Rochester,55901,Moorhead,56560,286.7,60,1535.42,Self-Employed,Primary CP,51.0,56.0,11.0,29.8,66.5,16.9,30.0,13.5,82.4,8.0,55.8,30.0,62.8,25.1,23.9,93.3,22.1,0,0,0,44.2,35.5,51.8,43.9,Moderate
CS-20260225,Olmsted,Northwest,IV-D,Duluth,55802,St Cloud,56301,130.2,60,4963.91,W-2,Extended Summer,78.1,0.0,79.0,0.0,40.7,47.3,8.4,3.2,24.0,31.5,0.0,13.2,52.0,45.9,10.8,13.1,65.4,1,0,1,46.5,27.9,22.5,33.8,Moderate
CS-20260226,Hennepin,Central,Medical Support,Moorhead,56560,St Paul,55101,221.0,60,1969.71,Self-Employed,Extended Summer,96.1,86.9,82.2,42.1,59.0,15.1,26.6,45.2,75.6,6.4,49.8,63.0,67.4,40.0,18.4,56.1,14.2,0,0,0,72.9,37.6,56.1,57.3,Moderate
CS-20260227,Hennepin,Southeast,IV-D,Duluth,55802,St Paul,55101,135.3,60,4135.51,Unemployed,Extended Summer,38.3,0.0,26.2,85.3,23.2,17.4,32.8,24.0,25.7,4.6,29.2,17.9,0.0,35.9,11.3,16.4,92.0,1,0,0,38.2,26.1,19.6,29.0,Low
CS-20260228,Stearns,Southeast,Interstate,Moorhead,56560,Sioux Falls,57104,230.0,60,4292.99,Self-Employed,Split,55.0,46.5,74.0,49.9,54.1,41.6,64.4,69.1,32.6,100.0,55.2,16.7,13.5,57.8,19.2,26.8,15.3,0,0,0,57.4,56.2,33.3,49.8,Moderate
CS-20260229,Hennepin,Central,IV-D,St Cloud,56301,St Paul,55101,66.8,30,8024.59,Unemployed,Extended Summer,64.3,63.4,0.0,31.6,0.0,5.5,1.6,41.8,20.1,23.5,35.9,66.9,0.0,36.9,5.6,2.1,96.7,0,0,0,31.6,17.3,31.5,27.3,Low
CS-20260230,Blue Earth,Northeast,Medical Support,Mankato,56001,Marshall,56258,90.6,30,3006.42,Unemployed,Shared,42.4,50.5,5.2,14.2,66.0,18.0,35.6,9.3,12.4,23.7,0.7,23.4,25.6,19.7,7.5,7.5,63.5,0,0,0,33.6,20.9,15.2,24.3,Low
CS-20260231,St. Louis,Metro,Public Assistance,Rochester,55901,Moorhead,56560,286.7,60,2723.57,Gig/Contract,Primary CP,66.2,35.3,14.9,86.3,77.9,0.0,27.0,0.0,58.9,30.2,7.9,44.7,68.8,0.0,23.9,52.6,26.2,0,0,0,55.1,26.2,34.8,40.4,Moderate
CS-20260232,Hennepin,Southeast,Medical Support,Rochester,55901,Rochester,55901,0.0,10,5273.59,Unemployed,Extended Summer,21.0,20.3,83.4,39.3,30.3,55.9,27.4,20.0,37.2,11.0,21.7,14.2,24.4,5.8,0.0,0.0,40.1,1,0,0,35.9,32.0,14.7,28.4,Low
CS-20260233,Hennepin,Central,Non-IV-D,Marshall,56258,Milwaukee,53202,404.2,80,4665.59,Self-Employed,Extended Summer,54.7,40.7,12.2,39.0,71.0,26.0,3.5,24.4,65.3,100.0,50.1,0.0,27.9,100.0,33.7,57.8,33.0,0,0,0,48.0,41.9,41.8,44.3,Moderate
CS-20260234,Anoka,Southeast,Medical Support,Mankato,56001,Kansas City,64106,350.7,80,2889.46,W-2,Shared,58.2,61.2,91.5,32.3,74.6,28.6,17.2,27.4,78.6,100.0,65.7,39.7,69.8,69.0,29.2,80.9,43.8,0,0,0,67.2,48.4,62.8,60.2,High
CS-20260235,Blue Earth,Northeast,IV-D,St Paul,55101,Marshall,56258,137.1,60,4331.75,W-2,Shared,46.7,48.8,18.5,5.4,52.1,21.2,44.6,31.6,11.0,34.9,29.8,50.4,22.3,26.0,11.4,15.8,89.0,0,0,0,38.0,30.7,30.8,33.6,Moderate
CS-20260236,St. Louis,Central,Medical Support,Mankato,56001,Los Angeles,90012,1467.3,100,6392.75,W-2,Extended Summer,73.3,42.4,14.3,17.4,66.7,78.8,15.5,83.0,87.1,100.0,33.5,16.6,22.5,74.6,100.0,100.0,28.9,0,0,0,51.5,72.7,43.2,55.4,Moderate
CS-20260237,Blue Earth,Metro,Non-IV-D,Mankato,56001,Sioux Falls,57104,142.7,60,2481.66,W-2,Primary CP,50.9,26.3,0.0,66.2,17.3,36.2,16.8,73.9,74.2,100.0,46.7,56.3,72.9,95.5,11.9,28.7,27.0,0,0,0,35.6,54.3,59.0,48.3,Moderate
CS-20260238,Olmsted,Metro,IV-D,Minneapolis,55401,Fargo,58102,214.3,60,1540.17,W-2,Shared,62.8,64.9,89.3,33.6,13.7,33.4,3.4,0.0,60.9,100.0,64.3,56.0,46.8,67.6,17.9,69.6,32.7,0,0,0,56.2,37.2,60.0,51.7,Moderate
CS-20260239,Dakota,Southwest,Public Assistance,Marshall,56258,Milwaukee,53202,404.2,80,1773.52,Unemployed,Split,34.3,65.4,75.8,63.7,40.1,14.7,0.0,24.9,86.6,100.0,23.5,48.6,60.9,88.8,33.7,100.0,30.8,0,1,0,59.4,42.7,58.5,54.1,Moderate
CS-20260240,Hennepin,Southwest,Medical Support,Minneapolis,55401,Moorhead,56560,213.2,60,600.0,Mixed,Shared,52.3,95.8,25.0,59.5,66.4,17.8,3.7,79.2,62.5,15.1,7.4,78.9,67.0,9.7,17.8,100.0,67.0,0,0,0,57.7,37.1,51.4,49.6,Moderate
CS-20260241,Anoka,Northwest,Medical Support,Mankato,56001,Marshall,56258,90.6,30,1396.2,W-2,Split,18.3,19.6,28.5,19.7,0.4,0.0,18.3,63.6,21.5,6.7,3.9,65.4,45.1,22.7,7.5,16.2,45.9,0,0,0,19.8,21.2,32.2,23.9,Low
CS-20260242,Anoka,Metro,Interstate,St Cloud,56301,Marshall,56258,110.4,60,4525.91,W-2,Split,78.7,36.7,12.6,35.7,55.2,18.1,13.5,19.4,32.2,7.1,6.7,7.8,0.0,0.0,9.2,12.2,72.0,1,0,0,46.4,23.3,5.5,27.2,Low
CS-20260243,Hennepin,Southeast,Medical Support,St Cloud,56301,Fargo,58102,155.2,60,2592.98,Unemployed,Extended Summer,61.3,55.7,0.0,74.4,76.2,0.1,28.4,52.3,60.0,100.0,27.2,29.3,48.1,68.1,12.9,29.9,32.1,0,0,0,52.2,41.5,38.5,44.9,Moderate
CS-20260244,Dakota,Southwest,Non-IV-D,Duluth,55802,St Cloud,56301,130.2,60,2068.74,Unemployed,Modified,41.2,60.4,19.2,64.0,46.6,83.1,0.0,73.8,51.6,18.8,21.4,49.5,73.6,0.0,10.8,31.5,43.7,0,0,0,46.7,50.1,37.2,44.9,Moderate
CS-20260245,Anoka,Southeast,Interstate,Mankato,56001,Minneapolis,55401,66.9,30,3213.89,Self-Employed,Extended Summer,43.4,35.6,14.4,16.5,10.8,35.6,0.0,47.7,44.6,23.7,16.7,27.6,0.0,10.1,5.6,5.2,80.3,0,0,0,25.5,30.4,13.4,23.3,Low
CS-20260246,Stearns,Southwest,IV-D,Minneapolis,55401,Duluth,55802,136.9,60,6532.91,Gig/Contract,Extended Summer,25.6,17.7,67.3,0.0,71.8,49.0,54.1,14.8,12.2,14.9,21.1,24.1,11.9,22.8,11.4,10.5,100.0,1,0,0,41.0,35.2,18.7,32.6,Moderate
CS-20260247,St. Louis,Southeast,Medical Support,St Cloud,56301,Duluth,55802,130.2,60,4451.8,Self-Employed,Split,71.9,0.0,22.8,5.9,30.5,4.7,43.8,37.2,32.9,2.7,21.5,34.8,28.2,0.0,10.8,14.6,45.7,1,0,0,33.4,28.4,21.9,28.4,Low
CS-20260248,Hennepin,Southeast,Medical Support,Mankato,56001,Madison,53703,242.8,60,2582.66,Gig/Contract,Modified,1.7,51.8,72.6,78.7,73.9,72.5,42.0,0.0,50.1,100.0,68.0,80.3,67.8,76.4,20.2,47.0,51.5,0,0,0,54.5,52.5,69.2,58.3,Moderate
CS-20260249,Dakota,Northwest,IV-D,Rochester,55901,Milwaukee,53202,237.6,60,3198.99,Gig/Contract,Split,47.1,88.4,3.0,65.5,53.6,41.9,0.0,75.4,43.3,100.0,24.5,33.5,43.2,57.3,19.8,37.1,4.5,0,0,0,50.2,46.4,37.3,45.2,Moderate
CS-20260250,Blue Earth,Northwest,Public Assistance,Minneapolis,55401,Rochester,55901,76.8,30,4034.68,Self-Employed,Split,33.1,36.0,37.1,28.7,62.1,66.0,13.1,0.0,22.7,12.3,42.3,37.4,3.8,20.6,6.4,4.8,84.8,1,0,0,37.5,27.9,24.5,30.7,Moderate
